,flood_median,hurricane_median,fire_median,storms_median,snow_median,ice_median,pop_median,flood_cgrowth($),hurricane_cgrowth($),fire_cgrowth($),storms_cgrowth($),snow_cgrowth($),ice_cgrowth($),pop_cgrowth($)
0,0.003425892535160457,0.004416094210009769,0.005181347150259086,0.0024183796856105393,0.004554771358983634,0.0017714847442841242,0.005090746342153246,100342.58925351605,100441.60942100098,100518.13471502591,100241.83796856106,100455.47713589836,100177.1484744284,100509.07463421533
1,0.0035971223021582506,0.004290171606864179,0.005279168604268469,0.002466598254266983,0.0043103448275863,0.0017253817422608897,0.00508226109248036,100703.53381917618,100872.5211618867,101048.78689597311,100489.09431109883,100888.47488217379,100349.99229739794,101019.88799366998
2,0.0035938903863432787,0.004230565838180933,0.004727939685865158,0.00237796420880354,0.004065040650406582,0.0015491876064991361,0.005043686010574336,101065.45128123972,101299.26900392536,101526.53946574712,100728.0537807457,101298.59063372735,100505.45326177734,101529.40058953344
3,0.003361344537815114,0.004316546762589857,0.0042455251578544795,0.002271006813020504,0.0038687751136038395,0.0013708019191227552,0.005113731355182505,101405.16708386573,101736.53203559699,101957.57294323886,100956.80787714408,101690.49210021424,100643.22632999088,102048.59466880103
4,0.003415883859948732,0.00432588320115368,0.004112325282948803,0.002194988183921276,0.003531490334649723,0.0010887319502822512,0.004829455955287654,101751.55535742291,102176.63239047342,102376.85564824144,101178.4068775208,102049.61109019193,100752.79982607583,102541.43386205302
5,0.003771551724137901,0.004237288135593209,0.0038585224960546727,0.002169197396963085,0.003343363797328025,0.0008206824090413178,0.004766911549838729,102135.3166114649,102609.58422263645,102771.87904883552,101397.88281434838,102390.80006544228,100835.48587655475,103030.23980746706
